dungeon_id,name_category,name_key,$dungeon_name,world_id,$world_name,representative_sprite_key,monster_ids,$monster_name,reward_item_ids,required_character_level,display_order,enabled,memo
1,2,4,애니멀랜드_던전01,1,애니멀랜드,,4|5|6|8,늑대인간|하이에나라이더|두더지광부|고블린(T),50002|50003|50004,1,10,1,
2,2,5,애니멀랜드_던전02,1,애니멀랜드,,4|5|6|8,늑대인간|하이에나라이더|두더지광부|고블린(T),50002|50003|50004,1,20,1,
3,2,6,애니멀랜드_던전03,1,애니멀랜드,,4|5|6|8,늑대인간|하이에나라이더|두더지광부|고블린(T),50002|50003|50004,1,30,1,
4,2,7,판타지아_던전01,2,판타지아,,3|7|8,이교도|돌골렘|고블린(T),50002|50003|50004,1,40,1,
5,2,8,판타지아_던전02,2,판타지아,,3|7|8,이교도|돌골렘|고블린(T),50002|50003|50004,1,50,1,
6,2,9,판타지아_던전03,2,판타지아,,3|7|8,이교도|돌골렘|고블린(T),50002|50003|50004,1,60,1,
7,2,10,망자의 도시_던전01,3,망자의 도시,,2|8,스펙터|고블린(T),50000|50002|50003|50004,1,70,1,
8,2,11,망자의 도시_던전02,3,망자의 도시,,2|8,스펙터|고블린(T),50000|50002|50003|50004,1,80,1,
9,2,12,망자의 도시_던전03,3,망자의 도시,,2|8,스펙터|고블린(T),50000|50002|50003|50004,1,90,1,
